record_id;First_author;Year_published;Journal;study_type;inclusion;PID;Country;Region;Hospital;urban_rural;pro_retrospec;enroll_start;enroll_end;followup_end;female_perc;copies_failed;repeated;RT_seq;PR_seq;Seq_Tech;Time_to_fail;nb_on_treatment;nb_vl_tested;nb_vl_failed;nb_genotyped;on_1stline;treatment;d4T;AZT;n3TC;ddI;TDF;ABC;FTC;EFV;NVP;LPVr;NFV;subtyp_c;Genotyped;DRM;NRTI;NNRTI;PI;M41_L;E44_DA;A62_V;K65_R;D67_NGE;T69_-AND;K70_EGR;L74_IV;V75_AILMST;F77_L;Y115_F;F116_Y;V118_IV;Q151_KLM;M184_IV;L210_W;T215_FINSY;K219_DENQR;V90_I;A98_G;L100_I;K101_EHPQ;K103_NRS;V106_AIM;V108_I;E138_AQ;V179_DFLT;Y181_CIV;Y188_CHL;G190_AERS;H221_Y;P225_AH;F227_L;M230_L;L234_I;K238_T;N348_I;L10_F;I13_V;G16_E;K20_RTI;D30_N;V32_I;L33_F;M36_I;M46_IL;I47_VA;G48_V;I50_V;I54_VA;Q58_E;D60_E;I62_V;L63_P;H69_K;A71_V;G73_S;T74_S;L76_V;V77_I;LV82_IATFS;I84_V;N88_SD;L90_M;I93_L;L98_IM;ABC.ddI;d4T.ZDV;TDF.3TC;TDF.FTC;d4T.3TC;ZDV.3TC;ZDV.ddI;ABC.3TC;d4T.ddI;EFV;NVP;PIdrug;ABC.ddI.2;d4T.ZDV.2;TDF.3TC.2;TDF.FTC.2;d4T.3TC.2;ZDV.3TC.2;ZDV.ddI.2;ABC.3TC.2;d4T.ddI.2;EFV.2;NVP.2;PIdrug.2
1;Steegen;2017;Jounrnal of Antimicrobial Chemotherapy;survey;18+yr, 6mnt on NNRTI ART;no;South Africa;8 provinces;91 facilities;both;retrospective;2013;2014;NA;64.8;1000;1;1;0;population PCR;36;1033;1033;950;788;NA;tdf/d4t/zdv/abc + 3tc/ftc + efv/nvp;1;1;1;0;1;1;1;1;1;0;0;98;788;757;719;752;6;43;NA;96;363;100;9;143;101;24;3;132;11;NA;12;652;10;52;107;84;96;66;114;418;318;91;104;68;208;91;191;75;102;61;35;NA;NA;43;NA;NA;NA;NA;NA;NA;NA;NA;2;NA;NA;NA;2;NA;NA;NA;NA;NA;NA;NA;NA;NA;NA;2;NA;NA;2;NA;NA;;;52.3;22.1;14.7;7;NA;2.8;;82.1;17.9;NA;;;NA;NA;NA;NA;NA;NA;NA;NA;NA;NA
2;Rossouw;2017;HIV Medicine;survey;6+mnt on ART, 18+yr, failed;no;South Africa;Hlabisa;NA;rural;retrospective;2010;2013;NA;72.3;1000;1;1;1;nested PCR;49.2;NA;NA;492;492;NA;d4t/tdf/zdv/ddi + 3tc + efv/nvp;1;1;1;1;1;0;0;1;1;0;0;NA;492;437;414;418;NA;35;NA;13;64;83;NA;70;13;19;3;26;6;NA;9;393;5;62;65;NA;NA;15;9;217;142;52;NA;NA;62;50;78;NA;NA;NA;NA;NA;NA;NA;NA;NA;NA;NA;NA;NA;NA;NA;NA;NA;NA;NA;NA;NA;NA;NA;NA;NA;NA;NA;NA;NA;NA;NA;NA;NA;NA;NA;NA;;;11.4;NA;87;1.6;NA;NA;;71.1;28.9;NA;;;24.5;NA;66.5;8.9;NA;NA;NA;70.9;29.1;NA
3;Steegen;2016;Journal of Infectious Diseases;survey;18+yr, 6+mnt on PI, failing PI;no;South Africa;all 9 provinces;72 facilities;both;retrospective;2013;2014;NA;69.1;1000;0;0;1;population PCR;25;NA;NA;350;350;0;tdf/azt + 3tc + LPVr;1;1;1;1;1;1;0;0;0;1;0;99;350;NA;NA;NA;58;NA;NA;NA;NA;NA;NA;NA;NA;NA;NA;NA;NA;NA;NA;NA;NA;NA;NA;NA;NA;NA;NA;NA;NA;NA;NA;NA;NA;NA;NA;NA;NA;NA;NA;NA;NA;NA;NA;NA;NA;NA;NA;4;NA;NA;41;9;NA;3;46;NA;NA;NA;NA;NA;NA;NA;NA;18;NA;43;6;NA;2;NA;NA;;;NA;NA;NA;NA;NA;NA;;NA;NA;NA;;;46.2;NA;2.9;34.3;6.6;3.7;NA;NA;NA;100
4;Marconi;2008;Clinical Infectious Diseases;survey;18+yr, failing;no;South Africa;Durban;Sinikithemba, iThemba;both;retrospective;2005;2006;2006;52;1000;0;1;1;TruGene / GeneSeq;10.8;NA;NA;124;115;NA;d4T+3tc+efv/nvp / azt+ddi+lpvr;1;1;1;1;0;0;0;1;1;1;0;97;115;96;81;90;5;12;NA;2;3;23;0;19;2;3;0;0;0;NA;1;74;2;16;13;NA;NA;4;NA;59;23;14;NA;NA;11;12;18;NA;8;NA;3;NA;NA;NA;NA;NA;NA;NA;0;0;2;NA;2;0;0;0;1;NA;NA;NA;NA;NA;NA;NA;NA;NA;NA;1;0;NA;1;NA;NA;;;NA;NA;NA;NA;NA;NA;;NA;NA;NA;;;NA;NA;53.9;37.4;NA;NA;NA;74.8;16.5;4.3
5;Rossouw;2017;HIV Medicine;survey;6+mnt on ART, 18+yr, failed;no;South Africa;Pretoria;NA;urban;retrospective;2008;2012;NA;72.6;1000;1;1;1;nested PCR;25.9;NA;NA;103;102;NA;d4t/tdf/zdv/ddi + 3tc + efv/nvp;1;1;1;1;1;0;0;1;1;0;0;NA;102;65;57;57;NA;6;NA;1;2;6;NA;8;1;0;2;0;0;NA;2;54;2;9;6;NA;NA;3;1;35;13;4;NA;NA;12;3;10;NA;NA;NA;NA;NA;NA;NA;NA;NA;NA;NA;NA;NA;NA;NA;NA;NA;NA;NA;NA;NA;NA;NA;NA;NA;NA;NA;NA;NA;NA;NA;NA;NA;NA;NA;NA;;;4.1;;75.5;18.6;;;;66.7;32.3;;;;18.7;;28.4;38.3;;;;64.7;32.4;4
6;El-Khatib;2010;AIDS;survey;12+m on ART;no;South Africa;Soweto;Chris Hani Baragwanath;urban;retrospective;NA;NA;2008;75;400;0;1;1;population pcr;NA;998;998;102;94;NA;first line;0;0;0;0;0;0;0;0;0;0;0;99;94;NA;60;76;2;3;NA;3;1;11;NA;4;1;3;NA;NA;NA;NA;NA;58;1;5;4;NA;NA;1;12;45;25;NA;NA;NA;3;13;13;NA;10;NA;NA;NA;NA;NA;NA;NA;NA;NA;NA;NA;NA;NA;1;NA;NA;NA;NA;1;NA;NA;NA;NA;NA;NA;NA;NA;NA;NA;NA;0;0;NA;NA;;;NA;NA;NA;NA;NA;NA;;NA;NA;NA;;;NA;NA;100;NA;NA;NA;NA;NA;NA;0
7;Labhardt;2016;Medicine;survey;6+m on ART;no;Lesotho;Thaba-Tseka, Butha-Buthe;SolidarMed;rural;prospective;2014;2014;2014;65.9;80;1;1;0;NA;NA;1598;1563;80;74;100;azt/tdf/abc + 3tc + efv/nvp;0;1;1;0;1;1;0;1;1;0;0;NA;74;NA;NA;NA;NA;16;NA;NA;22;19;NA;17;NA;NA;NA;NA;NA;NA;NA;63;NA;10;20;NA;11;NA;7;34;17;10;NA;NA;19;NA;14;NA;8;12;NA;NA;NA;NA;NA;NA;NA;NA;NA;NA;NA;NA;NA;NA;NA;NA;NA;NA;NA;NA;NA;NA;NA;NA;NA;NA;NA;NA;NA;NA;NA;NA;NA;;;NA;NA;NA;NA;NA;NA;;NA;NA;NA;;;48.6;NA;NA;50.7;NA;0.7;NA;65.2;34.8;NA
8;Dlamini;2011;JAIDS;randomized clinical trial;Military, suppression at 6 months;yes;South Africa;NA;Defense Force;NA;prospective;2005;2007;2008;38;1000;1;1;1;population pcr;17;1771;1771;73;68;100;d4t+3tc / azt+ddI + efv/lpv;1;1;1;1;0;0;0;1;0;1;0;93;68;23;NA;NA;NA;NA;NA;1;1;2;NA;3;NA;NA;NA;NA;NA;NA;NA;14;NA;NA;1;NA;NA;NA;4;9;6;NA;NA;NA;NA;2;5;NA;NA;NA;2;NA;NA;2;NA;NA;NA;NA;NA;NA;NA;NA;NA;NA;NA;NA;NA;NA;NA;NA;NA;NA;NA;NA;NA;NA;NA;NA;NA;NA;NA;NA;NA;;;NA;NA;NA;NA;NA;NA;;NA;NA;NA;;;NA;NA;NA;NA;NA;NA;NA;NA;NA;NA
9;Hoffmann;2009;Clinical Infectious Diseases;cohort;1+ RNA assay;no;South Africa;NA;workplace;other;retrospective;2002;2007;2008;6;1000;0;1;0;RT-PCR;11;3727;3432;676;68;100;3tc+azt+efv/nvp;0;1;1;0;0;0;0;1;1;0;0;NA;68;NA;29;42;NA;NA;NA;NA;NA;2;NA;2;3;NA;NA;NA;NA;NA;NA;25;NA;NA;NA;NA;NA;NA;NA;33;11;3;NA;NA;NA;2;3;NA;3;2;1;NA;NA;NA;NA;NA;NA;NA;NA;NA;NA;NA;NA;NA;NA;NA;NA;NA;NA;NA;NA;NA;NA;NA;NA;NA;NA;NA;NA;NA;NA;NA;NA;;;NA;NA;NA;100;NA;NA;;93;7;NA;;;NA;NA;NA;NA;NA;NA;NA;NA;NA;NA
10;Seu;2015;Journal of Medical Virology;cohort;15+yr, 6+mnt on ART;no;Zambia;Lusaka;University Teaching Hosp;urban;retrospective;2009;2012;NA;54;1000;0;1;0;RT-PCR;38.4;NA;NA;68;68;100;d4t/abc/tdf/zdv + 3tc + efv/nvp;1;1;1;0;1;1;0;1;1;0;0;95;68;67;61;67;NA;7;NA;15;21;10;1;10;0;2;1;6;1;NA;1;60;3;12;11;3;8;1;7;22;12;13;0;5;28;5;23;8;2;0;0;NA;NA;NA;NA;NA;NA;NA;NA;NA;NA;NA;NA;NA;NA;NA;NA;NA;NA;NA;NA;NA;NA;NA;NA;NA;NA;NA;NA;NA;NA;NA;NA;;;NA;NA;NA;NA;NA;NA;;NA;NA;NA;;;14;14;30.9;39.7;NA;1.5;NA;17.6;82.4;NA
11;Brehm;2012;Clinical Infectious Diseases;randomized clinical trial;NA;no;South Africa;Soweto, Cape Town;NA;urban;prospective;2005;2007;NA;NA;1000;0;1;0;population (full length);24;812;812;70;63;100;d4t+3tc+efv/nvp;1;0;1;0;0;0;0;1;1;0;0;100;63;NA;45;51;NA;NA;NA;3;2;1;NA;1;NA;2;NA;NA;NA;NA;NA;45;NA;NA;1;2;1;NA;6;29;16;3;NA;2;9;3;7;NA;5;NA;3;NA;NA;NA;NA;NA;NA;NA;NA;NA;NA;NA;NA;NA;NA;NA;NA;NA;NA;NA;NA;NA;NA;NA;NA;NA;NA;NA;NA;NA;NA;NA;NA;;;NA;NA;NA;NA;NA;NA;;NA;NA;NA;;;NA;NA;100;NA;NA;NA;NA;65.1;34.9;NA
12;Ruperez;2015;Journal of Antimicrobial Chemotherapy;survey;1+yr on ART, 18+ yrs old;no;Mozambique;Manhiça, Maputo;Manhiça district hptl;rural;retrospective;2013;2013;NA;70;1000;0;1;1;nested PCR;NA;334;332;81;61;NA;zdv/d4t + 3tc + nvp/efv;1;1;1;0;0;0;0;1;1;0;0;NA;61;54;49;54;0;7;NA;1;1;11;6;10;3;1;1;NA;1;NA;1;48;7;21;9;5;8;NA;7;26;5;3;5;1;19;3;22;7;1;1;1;NA;3;NA;NA;NA;NA;NA;NA;NA;NA;NA;NA;NA;NA;NA;NA;NA;NA;NA;NA;NA;NA;NA;NA;NA;NA;NA;NA;NA;NA;NA;NA;;;NA;NA;51.2;48.8;NA;NA;;7.2;92.8;NA;;;NA;NA;8.7;91.3;NA;NA;NA;2.1;97.9;NA
13;Wallis;2014;Clinical Infectious Diseases;survey;failing 1stline ;no;Malawi;Lilongwe;Kamuzu;urban;prospective;NA;2009;NA;59;1000;0;1;1;population PCR;NA;NA;NA;55;50;100;2nrti + 1nnrti (mainly NVP);0;0;0;0;0;0;0;NA;1;0;0;NA;50;NA;44;47;1;13;7;2;9;22;NA;10;4;10;4;0;2;10;4;38;9;22;19;4;10;0;10;21;6;9;9;0;27;1;10;21;0;4;1;NA;2;NA;NA;NA;NA;NA;NA;NA;NA;NA;NA;NA;NA;NA;NA;NA;NA;NA;NA;NA;NA;NA;NA;NA;NA;NA;NA;NA;NA;NA;NA;;;NA;NA;NA;NA;NA;NA;;NA;NA;NA;;;NA;NA;NA;NA;NA;NA;NA;NA;NA;NA
14;Sing;2011;JAIDS;survey;18+yr, 6+mnt;no;South Africa;Durban;Sinikithemba, McCord;urban;prospective;NA;2009;NA;65;5000;0;1;0;ViroSeq;29;NA;NA;45;43;100;d4t/zdv + 3tc + efv/nvp;1;1;1;1;0;0;0;1;1;0;0;100;43;41;NA;NA;NA;2;NA;1;1;13;0;8;1;2;NA;2;1;NA;1;37;NA;7;9;NA;NA;1;NA;17;22;2;NA;NA;2;5;12;NA;5;NA;6;NA;NA;NA;NA;NA;NA;NA;NA;NA;NA;NA;NA;NA;NA;NA;NA;NA;NA;NA;NA;NA;NA;NA;NA;NA;NA;NA;NA;NA;NA;NA;NA;;;NA;NA;NA;NA;NA;NA;;NA;NA;NA;;;NA;NA;59.9;42.3;2.2;NA;2.2;84.5;15.5;NA
15;Hoffmann;2013;Antiviral Therapy;cohort;NA;no;South Africa;NA;workplace;other;prospective;NA;NA;2011;50;1000;0;1;0;PCR;5;1682;1682;270;40;100;d4t/azt/3tc+tdf+efv/nvp;1;1;1;0;1;0;0;1;1;0;0;NA;40;NA;NA;21;NA;1;NA;NA;5;2;NA;1;NA;NA;NA;NA;NA;NA;NA;11;1;1;1;NA;NA;NA;1;15;4;3;NA;1;3;NA;3;NA;3;1;1;NA;NA;NA;NA;NA;NA;NA;NA;NA;NA;NA;NA;NA;NA;NA;NA;NA;NA;NA;NA;NA;NA;NA;NA;NA;NA;NA;NA;NA;NA;NA;NA;;;32.5;NA;47.5;0.2;NA;NA;;NA;NA;NA;;;100;NA;NA;NA;NA;NA;NA;NA;NA;NA
16;Bila;2015;PLOS One;survey;>6m ART, not (pregnant, low adherance, oportunic infections);yes;Mozambique;Maputo;Alto Mae Health Centre;urban;retrospective;2009;2010;NA;66.8;50;0;1;1;population pcr;NA;274;274;46;36;100;3tc+d4t/azt+nvp/efv;1;1;1;0;0;0;0;1;1;0;0;NA;36;17;12;16;0;1;NA;NA;NA;2;1;NA;NA;NA;NA;NA;NA;NA;NA;11;1;3;2;NA;1;NA;2;5;1;2;2;NA;5;NA;8;NA;NA;NA;NA;NA;NA;NA;NA;NA;NA;NA;NA;NA;NA;NA;NA;NA;NA;NA;NA;NA;NA;NA;NA;NA;NA;NA;NA;NA;NA;NA;NA;NA;NA;NA;NA;;;NA;NA;NA;NA;NA;NA;;NA;NA;NA;;;NA;NA;NA;NA;NA;NA;NA;NA;NA;NA
17;El-Khatib;2010;AIDS;survey;12+m on ART;no;South Africa;Soweto;Chris Hani Baragwanath;urban;retrospective;NA;NA;2008;75;400;0;1;1;population pcr;NA;998;998;37;35;NA;second line;0;0;0;0;0;0;0;0;0;0;0;99;35;NA;10;19;2;NA;NA;NA;NA;1;NA;1;NA;NA;NA;NA;NA;NA;NA;9;NA;1;1;NA;NA;NA;1;15;2;NA;NA;NA;0;1;1;NA;5;NA;NA;NA;NA;NA;NA;NA;NA;NA;NA;NA;NA;NA;0;NA;NA;NA;NA;1;NA;NA;NA;NA;NA;NA;NA;NA;NA;NA;NA;1;1;NA;NA;;;NA;NA;NA;NA;NA;NA;;NA;NA;NA;;;NA;NA;NA;NA;NA;NA;NA;NA;NA;100
18;Levison;2012;PLOS One;survey;15+yr, failed PI;no ;South Africa;Cape Town;Gugulethu;urban;retrospective;NA;2009;NA;85;1000;1;1;1;NA;10;296;NA;43;33;0;azt + ddI + LPVr;0;1;0;1;0;0;0;0;0;1;0;NA;33;11;2;11;30;NA;NA;NA;NA;1;1;NA;1;NA;NA;NA;NA;NA;NA;1;NA;NA;NA;NA;NA;NA;NA;5;1;NA;NA;1;3;NA;3;NA;1;NA;NA;NA;NA;NA;2;NA;NA;9;NA;NA;NA;30;NA;NA;NA;NA;NA;NA;5;3;14;32;NA;NA;NA;NA;NA;NA;NA;NA;NA;31;NA;;;NA;NA;NA;NA;NA;NA;;NA;NA;NA;;;NA;NA;NA;NA;NA;NA;NA;NA;NA;NA
19;Sunpath;2012;AIDS;survey;NA;no;South Africa;Durban;McCord;urban;retrospective;2010;2011;NA;45.7;1000;0;1;1;NA;5.3;585;NA;35;33;100;d4t/tdf + 3tc + efv/?;1;0;1;0;1;0;0;1;NA;0;0;100;33;33;33;32;2;1;NA;0;23;3;NA;3;2;2;0;7;0;NA;0;9;0;0;1;NA;NA;2;NA;8;19;NA;NA;NA;7;8;5;NA;1;NA;0;NA;NA;NA;NA;NA;NA;NA;0;0;1;NA;0;0;0;0;0;NA;NA;NA;NA;NA;NA;NA;NA;NA;NA;0;0;NA;1;NA;NA;;;NA;NA;NA;NA;NA;NA;;NA;NA;NA;;;100;NA;NA;NA;NA;NA;NA;88.6;11.4;NA
20;Newman;2014;Journal of Clinical Virology;method;adult on 1st line;no;South Africa;Cape Town;Diagnostic Virology Laboratory NHLS;NA;retrospective;2013;2013;2013;71;1000;0;1;0;pooled pcr;NA;NA;300;26;24;100;NA;1;1;1;0;1;0;0;1;1;0;0;NA;24;NA;20;22;NA;NA;NA;NA;6;2;1;2;NA;1;NA;NA;NA;NA;NA;18;NA;NA;1;5;2;NA;1;11;6;1;NA;1;4;4;6;NA;1;1;NA;NA;NA;NA;NA;NA;NA;NA;NA;NA;NA;NA;NA;NA;NA;NA;NA;NA;NA;NA;NA;NA;NA;NA;NA;NA;NA;NA;NA;NA;NA;NA;NA;;;NA;NA;NA;NA;NA;NA;;NA;NA;NA;;;NA;NA;NA;NA;NA;NA;NA;NA;NA;NA
21;Novitsky;2007;AIDS Research and human retroviruses;randomized clinical trial;treatment naïve adults;no;Botswana;NA;Princess Marina;NA;prospective;2002;2004;2005;69;5000;1;1;0;ViroSeq;35;108;108;31;23;100;zdv+ddi + efv/nvp;0;1;0;1;0;0;0;1;1;0;0;98;23;18;12;17;NA;0;NA;NA;1;8;NA;7;NA;NA;NA;NA;NA;NA;NA;0;0;11;1;NA;NA;NA;NA;11;8;1;NA;NA;7;1;6;NA;NA;NA;NA;NA;NA;NA;NA;NA;NA;NA;NA;NA;NA;NA;NA;NA;NA;NA;NA;NA;NA;NA;NA;NA;NA;NA;NA;NA;NA;NA;NA;NA;NA;NA;NA;;;NA;NA;NA;NA;NA;NA;;NA;NA;NA;;;NA;NA;NA;NA;100;NA;NA;NA;NA;NA
22;Wallis;2014;Clinical Infectious Diseases;survey;failing 1stline ;no;South Africa;Witswatersrand;Witswatersrand;urban;prospective;NA;2010;NA;59;1000;0;1;1;population PCR;NA;NA;NA;27;23;100;2nrti + 1nnrti (mainly EFV);0;0;0;0;0;0;0;1;NA;0;0;NA;23;NA;21;21;0;0;0;1;0;1;NA;1;0;1;0;0;0;0;0;21;1;2;1;1;1;0;3;13;4;2;2;0;0;2;4;0;4;3;1;NA;1;NA;NA;NA;NA;NA;NA;NA;NA;NA;NA;NA;NA;NA;NA;NA;NA;NA;NA;NA;NA;NA;NA;NA;NA;NA;NA;NA;NA;NA;NA;;;NA;NA;NA;NA;NA;NA;;NA;NA;NA;;;NA;NA;NA;NA;NA;NA;NA;NA;NA;NA
23;Barth;2012;Antiviral Therapy;survey;<200 cd4, on ART 2+ yrs;yes;South Africa;NA;Ndlovu Medical Centre;rural;retrospective;NA;NA;NA;72;1000;0;1;1;population pcr;35;735;562;116;19;100;3tc + d4t/azt + efv/nvp;1;1;1;0;0;0;0;1;1;0;0;NA;19;19;14;19;0;NA;NA;2;3;1;NA;1;NA;1;NA;NA;NA;NA;NA;8;NA;1;2;1;NA;NA;3;7;7;NA;3;NA;6;1;6;NA;NA;2;1;1;NA;NA;NA;NA;NA;NA;NA;NA;NA;NA;NA;NA;NA;NA;NA;NA;NA;NA;NA;NA;NA;NA;NA;NA;NA;NA;NA;NA;NA;NA;NA;;;NA;NA;NA;NA;NA;NA;;NA;NA;NA;;;NA;NA;63.2;36.8;NA;NA;NA;58;42;NA
24;Doualla-Bell;2006;Antimicrob agents and chemother;survey;NA;yes;Botswana;NA;NA;NA;retrospective;2002;2005;NA;NA;400;0;0;1;TruGene / GeneSeq;12;155;NA;16;16;0;d4t+ddI+nfv;1;0;0;1;0;0;0;0;0;0;1;100;16;13;NA;NA;13;NA;NA;NA;NA;NA;NA;NA;NA;NA;NA;NA;NA;NA;NA;NA;NA;NA;NA;NA;NA;NA;NA;NA;NA;NA;NA;NA;NA;NA;NA;NA;NA;NA;NA;NA;NA;NA;3;NA;NA;8;7;NA;4;NA;3;NA;NA;NA;NA;NA;NA;NA;5;NA;2;NA;2;NA;1;1;NA;6;4;NA;NA;;;NA;NA;NA;NA;NA;NA;;NA;NA;NA;;;NA;NA;NA;NA;NA;NA;NA;NA;NA;NA
25;Wadonda;2012;Clinical Infectious Diseases;cohort;15+yr, art naïve;yes;Malawi;Balntyre, Mzuzu, Lilongwe, Thyolo;4 hpt;both;retrospective;2006;NA;2007;60;400;0;1;0;amplicor pcr;NA;596;270;15;15;100;d4t/zdv + 3tc + efv/nvp;1;1;1;0;0;0;0;1;1;0;0;NA;15;12;9;12;NA;NA;NA;NA;1;NA;NA;NA;NA;NA;NA;NA;NA;NA;NA;9;NA;NA;NA;NA;2;NA;1;2;2;2;NA;NA;9;NA;4;NA;NA;NA;NA;NA;NA;NA;NA;NA;NA;NA;NA;NA;NA;NA;NA;NA;NA;NA;NA;NA;NA;NA;NA;NA;NA;NA;NA;NA;NA;NA;NA;NA;NA;NA;NA;;;NA;NA;NA;NA;NA;NA;;NA;NA;NA;;;NA;NA;NA;NA;NA;NA;NA;NA;NA;NA
26;Doualla-Bell;2009;JIAS;survey;1st line;;Botswana;Gaborone;Princess Marina Hospital;urban;retrospective;2002;2007;2007;61.5;400;1;1;1;ViroSeq;32.8;NA;NA;27;26;100;ddI+d4T+NVP/EFV;;;;;;;;;;0;;100;26;NA;NA;NA;NA;7;NA;0;2;12;NA;9;2;NA;NA;NA;NA;NA;1;16;5;7;9;NA;7;;5;9;8;4;4;4;6;0;6;3;NA;NA;NA;NA;NA;NA;6;8;NA;9;5;NA;NA;NA;2;NA;NA;NA;NA;NA;6;NA;0;NA;NA;NA;NA;NA;NA;NA;NA;3;4;NA;NA;;;;;11.5;42.3;3.8;;30.8;46.2;53.8;;;;;;;;33.1;;76.9;35.6;65.4;
27;Wallis;2010;JAIDS;survey;1st line;;South Africa;Johannesburg;Charlotte Maxele Academic Hospital Helen Joseph Hospital;urban;retrospective;NA;NA;NA;NA;1000;0;1;1;population pcr;NA;NA;NA;147;147;100;d4t+3tc+efv;;;;;;;;;;0;;100;147;122.2831858;111.8761062;113.1769912;0;6.958579882;;;4.553097345;20.87573964;;12.17751479;;;;;;;;106.0221239;2.609467456;16.52662722;5.218934911;8.864321608;4.432160804;2.954773869;19.20603015;59.09547739;44.32160804;5.909547739;10.34170854;8.864321608;4.432160804;19.20603015;19.20603015;;8.864321608;;8.864321608;;;;;;;;;;;;;;;;;;;;;;;;;;;;;;;;;;;;;;;;;;;;;;;;;100;;;;;100;;
27;Wallis;2010;JAIDS;survey;1st line;;South Africa;Johannesburg;Charlotte Maxele Academic Hospital Helen Joseph Hospital;urban;retrospective;NA;NA;NA;NA;1000;0;1;1;population pcr;NA;NA;NA;52;52;100;azt+3tc+efv;;;;;;;;;;0;;;52;43.25663717;39.57522124;40.03539823;0;8.210526316;;;1.610619469;18.24561404;;12.77192982;;;;;;;;37.50442478;6.385964912;17.33333333;12.77192982;3.135678392;1.567839196;1.045226131;6.793969849;20.90452261;15.67839196;2.090452261;3.658291457;3.135678392;1.567839196;6.793969849;6.793969849;;3.135678392;;3.135678392;;;;;;;;;;;;;;;;;;;;;;;;;;;;;;;;;;;;;;;;;;;;;;;;;;100;;;;100;;
27;Wallis;2010;JAIDS;survey;1st line;;South Africa;Johannesburg;Charlotte Maxele Academic Hospital Helen Joseph Hospital;urban;retrospective;NA;NA;NA;NA;1000;0;1;1;population pcr;NA;NA;NA;22;22;100;d4t+3tc+nvp;;;;;;;;;;0;;;22;18.30088496;16.74336283;16.9380531;0;1.041420118;;;0.681415929;3.124260355;;1.822485207;;;;;;;;15.86725664;0.390532544;2.473372781;0.781065089;1.62962963;0;0;4.074074074;8.148148148;0.814814815;0.814814815;2.444444444;0;5.703703704;0.814814815;4.888888889;;0.814814815;;0;;;;;;;;;;;;;;;;;;;;;;;;;;;;;;;;;;;;;;;;;;;;;;;;;100;;;;;;100;
27;Wallis;2010;JAIDS;survey;1st line;;South Africa;Johannesburg;Charlotte Maxele Academic Hospital Helen Joseph Hospital;urban;retrospective;NA;NA;NA;NA;1000;0;1;1;population pcr;NA;NA;NA;5;5;100;azt+3tc+nvp;;;;;;;;;;0;;;5;4.159292035;3.805309735;3.849557522;0;0.789473684;;;0.154867257;1.754385965;;1.228070175;;;;;;;;3.60619469;0.614035088;1.666666667;1.228070175;0.37037037;0;0;0.925925926;1.851851852;0.185185185;0.185185185;0.555555556;0.185185185;1.296296296;0.185185185;1.111111111;;0.185185185;;1*5/27;;;;;;;;;;;;;;;;;;;;;;;;;;;;;;;;;;;;;;;;;;;;;;;;;;100;;;;;100;
28;El-Khatib;2011;JAIDS;survey;1st line, 18+yr;;South Africa;Soweto;Chris Hani Baragwanath;;;;;;;;;;;;;;;;;;;;;;;;;;;;0;;;;;;;;;;;;;;;;;;;;;;;;;;;;;;;;;;;;;;;;;;;;;;;;;;;;;;;;;;;;;;;;;;;;;;;;;;;;;;;;;;;;;;;;;;;;;;;;;
29;Hunt;2017;Journal of Antimicrobial Chemotherapy;survey;1st line, 18+yr;;South Africa;KwuaZulu-Natal;15 public sector primary health care facilities;urban;retrospective;2013;2013;2013;81.3;1000;0;1;1;;13.5;540;;38;38;100;tdf+3tc+efv;;;;;;;;;;0;;;38;;28;31;;0;;2;17;3;0;3;0;3;;;;;;22;;0;2;;4;1;2;21;17;3;;;10;4;2;;2;;4;;;;;;;;;;;;;;;;;;;;;;;;;;;;;;;;;0.3;14.1;85.6;;;;;;;;;;;;;;;;;;;;;
29;Hunt;2017;Journal of Antimicrobial Chemotherapy;survey;1st line, 18+yr;;South Africa;KwuaZulu-Natal;15 public sector primary health care facilities;urban;retrospective;2013;2013;2013;86.6;1000;0;1;1;;30;759;;85;85;100;;;;;;;;;;;0;;;85;;68;74;;3;;9;41;6;1;9;1;3;;;;;;62;;1;10;;4;6;5;43;23;6;;;20;18;10;;7;;6;;;;;;;;;;;;;;;;;;;;;;;;;;;;;;;;;5.4;10.1;84.4;;;;;;;;;;;;;;;;;;;;;
